<?xml version="1.0" encoding="UTF-8"?>
<project-private xmlns="http://www.netbeans.org/ns/project-private/1">
    <editor-bookmarks xmlns="http://www.netbeans.org/ns/editor-bookmarks/2" lastBookmarkId="1">
        <file>
            <url>src/login/Information.java</url>
            <bookmark id="1">
                <name/>
                <line>42</line>
                <key/>
            </bookmark>
        </file>
    </editor-bookmarks>
    <open-files xmlns="http://www.netbeans.org/ns/projectui-open-files/2">
        <group>
            <file>file:/C:/Users/HP/OneDrive/Documents/NetBeansProjects/Login/src/login/Notice.java</file>
            <file>file:/C:/Users/HP/OneDrive/Documents/NetBeansProjects/Login/src/login/Upcoming.java</file>
            <file>file:/C:/Users/HP/OneDrive/Documents/NetBeansProjects/Login/src/login/Information.java</file>
            <file>file:/C:/Users/HP/OneDrive/Documents/NetBeansProjects/Login/src/login/Login.java</file>
        </group>
    </open-files>
</project-private>
